transactionId,visitorId,date,revenue,group
3667963787,3312258926,8/15/2019,30.4,B
2804400009,3642806036,8/15/2019,15.2,B
2961555356,4069496402,8/15/2019,10.2,A
3797467345,1196621759,8/15/2019,155.1,B
2282983706,2322279887,8/15/2019,40.5,B
182168103,935554773,8/15/2019,35,B
398296753,2900797465,8/15/2019,30.6,B
2626614568,78758296,8/15/2019,20.1,A
1576988021,295230930,8/15/2019,215.9,A
1506739906,1882260405,8/15/2019,30.5,B
3649131742,879864040,8/15/2019,65.7,A
1919444843,927791387,8/15/2019,70.2,B
2809384911,3213223594,8/15/2019,115.4,A
3044797713,728063420,8/15/2019,185.4,B
3859315276,1565034404,8/15/2019,170.9,A
2550768810,2742574263,8/15/2019,235,B
1820531107,2973109265,8/15/2019,20.3,B
1108180333,222718357,8/15/2019,20.2,B
1822256754,4227830084,8/15/2019,255.7,A
674584210,3207734412,8/15/2019,20.3,A
2904772834,963407295,8/15/2019,5.6,B
1240630928,1379151787,8/15/2019,20.2,B
235474681,1638583360,8/15/2019,10.7,B
4252514150,351125977,8/15/2019,235.6,B
1162046357,3234906277,8/15/2019,120.2,B
324018163,87885904,8/15/2019,5.6,A
2223239646,199603092,8/15/2019,55.7,A
1630050528,237748145,8/15/2019,120.2,B
2632372083,3591136796,8/15/2019,85.2,B
2220299125,3803269165,8/15/2019,15.8,A
1678838030,4027395615,8/15/2019,5.9,B
2552245563,3024988998,8/15/2019,10.9,B
3666913472,2038680547,8/15/2019,30.8,B
486237576,2378935119,8/15/2019,30.4,A
2153010762,834683205,8/15/2019,355.5,A
2258664213,258610743,8/15/2019,40.2,B
2165344951,2805132315,8/15/2019,40,B
3601774485,2231389472,8/15/2019,100.2,B
3276214732,1110007955,8/15/2019,300.3,B
1950404403,114507418,8/15/2019,10.4,B
733587530,2552584164,8/15/2019,50.9,B
2594268419,237748145,8/15/2019,20.8,A
459882198,1494664757,8/15/2019,145.9,B
2960804513,544632063,8/15/2019,40.2,B
376170286,1294108251,8/15/2019,50.2,A
837819976,1471496742,8/16/2019,35.9,A
3298573369,2735494018,8/16/2019,60.2,A
352861950,930356060,8/16/2019,110.5,B
133616433,1215602524,8/16/2019,20.2,B
937773181,3251102545,8/16/2019,55.7,A
2236784294,1690383497,8/16/2019,50.7,B
794298435,2914239125,8/16/2019,280.5,B
854249928,2570444314,8/16/2019,10.2,B
1545571412,2978730290,8/16/2019,10.2,A
4159234359,3660046170,8/16/2019,5.5,A
1144701458,1143609305,8/1/2019,45.3,A
900025958,5114589,8/16/2019,10.8,B
1218444584,2951649436,8/16/2019,50.8,A
2145193898,1221478247,8/16/2019,25.2,B
2787983461,2115666868,8/16/2019,125.9,B
1421016313,4256040402,8/16/2019,875.5,B
1251767592,2712142231,8/16/2019,15.2,B
1286673508,567175747,8/16/2019,10.2,B
4049927765,343208965,8/16/2019,25.8,A
231209528,2517115269,8/16/2019,40.1,B
2321477056,2868887864,8/16/2019,30.3,B
4919758,1217561296,8/1/2019,40.2,B
459227648,2578486380,8/16/2019,40.1,B
1211699332,3427397479,8/16/2019,225.8,B
890243194,3055165772,8/16/2019,300.3,A
3574407166,2328378067,8/1/2019,140.4,B
3679129301,8300375,8/1/2019,165.7,B
477940151,1422773200,8/1/2019,15.8,A
1295850747,2947100995,8/1/2019,455.8,A
3721196264,249864742,8/16/2019,15,B
3710046263,3290315626,8/16/2019,15.7,A
1110904493,2587526707,8/16/2019,70.7,A
2619374735,787824685,8/16/2019,500.7,A
773663763,3288820196,8/16/2019,630.8,B
3020845020,4099262874,8/16/2019,40.3,A
2513016443,1110543778,8/16/2019,35,A
2206140518,3499733621,8/16/2019,85.1,B
1246801103,2096506107,8/16/2019,80.5,B
2208648828,3283584911,8/16/2019,65.8,A
1440965500,3289144202,8/16/2019,15.6,A
1701653566,276558944,8/22/2019,190,B
4130553949,3736064128,8/22/2019,20.8,A
2304731149,2295217812,8/22/2019,10.9,B
3888787202,1253370069,8/22/2019,5.9,B
3525980424,3379260072,8/22/2019,35.5,B
2010908098,1035424004,8/22/2019,25.9,B
3176574859,2742574263,8/22/2019,275.9,B
1238204141,3595021912,8/22/2019,30.8,B
737104568,943674707,8/22/2019,410.5,B
252633006,457167155,8/22/2019,95.8,B
372616894,457167155,8/22/2019,20.2,B
1170105516,2706377257,8/1/2019,140.8,A
2012801741,414545763,8/1/2019,90.5,B
1962247337,2706377257,8/1/2019,110.7,A
2951489300,926057494,8/1/2019,5.6,A
804934578,1738775963,8/1/2019,50.8,B
3847160695,1830791924,8/1/2019,40.2,A
3328372908,381340408,8/1/2019,50.1,A
2951399376,2019355024,8/1/2019,40.2,B
627804981,611059232,8/1/2019,275.8,A
297844270,3735525502,8/16/2019,15.1,B
3152444021,1460891116,8/16/2019,85.5,A
1524568202,1722579998,8/16/2019,130.1,A
290974848,3379886002,8/16/2019,95.3,A
2411689164,2019205281,8/1/2019,80.2,B
3749160238,1700445283,8/1/2019,110.5,B
2736731761,3062433592,8/1/2019,225.9,B
1638982251,3062433592,8/1/2019,135.3,B
2663968367,821846484,8/1/2019,30.1,A
1120327437,4256040402,8/1/2019,90.2,A
3486821141,1225835168,8/1/2019,5.6,B
1618076407,2743474511,8/22/2019,100.8,A
722060263,2038680547,8/22/2019,15.7,A
4233533907,2378935119,8/22/2019,55.2,A
3769777863,2038023866,8/22/2019,70.9,B
1599526656,2273809679,8/22/2019,70.9,B
1457780928,1430210707,8/22/2019,20.5,A
3024349788,3213691396,8/22/2019,190.8,A
3268937183,3722682546,8/22/2019,25.3,A
2923696601,749770631,8/17/2019,70.9,A
2232016803,428219747,8/17/2019,125.9,B
595789313,2663148288,8/17/2019,80.4,B
3437333253,162423694,8/17/2019,145.6,B
965802885,916720205,8/22/2019,100.1,B
1665445278,1738359350,8/22/2019,50.2,A
3650380616,4258103007,8/22/2019,95.5,B
3163614039,2254586615,8/22/2019,830.3,A
665271848,3873846164,8/22/2019,110.5,B
3060563671,2458001652,8/22/2019,80.8,A
62794304,199603092,8/22/2019,110.3,A
3394915331,1354599463,8/1/2019,120.3,B
1578920557,680119828,8/1/2019,10.6,B
1798931686,1211585711,8/1/2019,440.3,A
1403947326,1075551409,8/1/2019,10,B
4141167864,2716752286,8/1/2019,125.9,B
2774185760,975516572,8/1/2019,20.3,B
602399015,3967698036,8/1/2019,5.6,A
854120002,544963298,8/1/2019,25.9,B
3433533137,678354126,8/1/2019,100.4,A
365058890,611059232,8/1/2019,45.3,A
735232225,611059232,8/1/2019,140.4,A
3650534576,134926050,8/1/2019,50,B
52260954,3967698036,8/1/2019,20.2,A
4238948438,363280180,8/1/2019,5.6,B
2368313386,3362039251,8/17/2019,150.4,B
1648861120,104602633,8/17/2019,45.9,B
1728664132,1596819047,8/1/2019,10.6,B
3227521980,3938001975,8/1/2019,155.5,B
4045393544,991436984,8/1/2019,30.5,A
4206138190,1219079053,8/1/2019,80.5,A
891673177,572335325,8/1/2019,60.8,A
2531740433,3131127734,8/22/2019,125.5,B
290380159,732900740,8/22/2019,10.2,A
1102655019,1826088570,8/22/2019,185.5,B
1170827001,3891541246,8/22/2019,20.2,A
1941376795,4012829377,8/22/2019,295.8,B
1233480079,2874956069,8/17/2019,100.8,A
2634363174,2892265953,8/17/2019,35.6,A
1071437802,2892265953,8/17/2019,10,A
3937772364,78678012,8/17/2019,25.2,B
565328425,309675944,8/17/2019,110.5,B
2830055340,2303470071,8/22/2019,10.7,A
1556785718,2583793022,8/23/2019,20,A
2065527789,1581167209,8/1/2019,30.4,A
3588515863,1737494355,8/1/2019,30.8,A
617930325,2785040378,8/1/2019,55.8,A
2153842875,876081193,8/1/2019,55.4,A
86411600,2096506107,8/17/2019,85.3,B
1192036073,2953427180,8/2/2019,590.1,B
2089115464,2366521417,8/2/2019,45.1,B
1223645875,3123255051,8/2/2019,50.8,A
1791477067,3261022559,8/2/2019,20.3,B
790091309,1387624577,8/17/2019,45.3,B
2267826875,1070130208,8/17/2019,50.4,A
1784270968,2378935119,8/17/2019,5.8,A
1934197258,1148665946,8/23/2019,35.2,A
1532499979,2617784228,8/23/2019,55.4,B
3221239900,522292794,8/23/2019,15,B
2234615357,1741803981,8/23/2019,90.3,B
1367815478,138252163,8/23/2019,75.5,A
716439623,1129369369,8/23/2019,30.3,A
3306480450,206724078,8/17/2019,55.7,B
2048878902,4256040402,8/17/2019,25.8,A
3634771255,2668501323,8/17/2019,280.8,A
4189935502,1648269707,8/17/2019,5.5,B
1876585139,2871453277,8/2/2019,110.8,A
2361024027,3967698036,8/2/2019,30,A
2815409412,2125253600,8/2/2019,15.7,A
1335758960,518847692,8/2/2019,85.6,B
3959068944,2517777104,8/2/2019,175,B
2872509092,983496389,8/2/2019,5.5,A
1216926230,1500448895,8/2/2019,45.7,A
2632798290,2716752286,8/2/2019,35.2,A
2206098194,2880866577,8/2/2019,30,A
1206085843,622980798,8/23/2019,35.7,A
2066718132,3656415546,8/23/2019,45.8,A
1826741120,471842048,8/23/2019,30.7,B
532398042,1306302251,8/23/2019,25,A
3630998268,1967724198,8/17/2019,155.5,B
1935539409,3836897869,8/17/2019,105.1,B
1993640374,835561402,8/2/2019,10.7,B
3390093829,3199637546,8/2/2019,45.6,A
1780029109,2785527055,8/2/2019,75.6,B
573486797,3118156181,8/2/2019,475.5,B
873230871,236764260,8/2/2019,90.8,A
1803127824,2830871062,8/2/2019,5.5,B
1892362671,1643342931,8/2/2019,40.2,B
1764119908,3332057097,8/2/2019,45.4,B
394880746,3332057097,8/2/2019,45.3,B
3485678199,2232111114,8/2/2019,270,A
2822064496,3294452564,8/2/2019,220.8,B
3084571653,1501480579,8/2/2019,65.4,B
2503419221,3429232516,8/2/2019,30.8,B
918752036,3704174715,8/2/2019,35,B
2139320439,2686716486,8/23/2019,170.6,A
2674236505,2476105225,8/23/2019,40.2,B
1731035177,2771749575,8/23/2019,20.5,A
175363373,2067508917,8/23/2019,25.2,A
408545316,2153871238,8/23/2019,40.3,A
2024820467,1692957755,8/23/2019,25.2,B
2931845376,2954449915,8/17/2019,170,A
2374285072,4033511429,8/17/2019,145.2,B
4267573899,2038680547,8/17/2019,55.4,A
691299586,392419518,8/18/2019,50.5,B
4139571321,737242975,8/18/2019,245.8,A
3124204494,2927087541,8/23/2019,425.8,A
4129423775,71018815,8/23/2019,240.2,B
2883105032,3086835579,8/23/2019,45.7,A
797272237,11685486,8/23/2019,100.4,A
699854005,3391919803,8/23/2019,40.7,B
395889669,2873491771,8/23/2019,10.2,B
3422531330,2230225652,8/23/2019,15.2,B
2305128914,4134011281,8/23/2019,95.6,A
460968028,3508047169,8/18/2019,50.2,B
3083858710,3469608676,8/2/2019,165.9,A
2086338800,3028866828,8/2/2019,5.7,A
1164811175,3524303171,8/2/2019,40.2,B
1242996928,642826102,8/2/2019,200.1,B
862558739,248503091,8/2/2019,155,A
3453819322,3778207363,8/2/2019,15.2,A
2324389790,184835319,8/2/2019,20.3,A
437656952,199603092,8/2/2019,55.7,B
3231452720,2232111114,8/2/2019,240.2,A
1598128055,238992583,8/18/2019,15.6,A
1360774578,3234906277,8/18/2019,120.2,A
3742152357,3950493862,8/18/2019,40,A
2765625299,1967247027,8/18/2019,50.1,B
473864496,3803269165,8/23/2019,40.3,B
1610091760,4256040402,8/23/2019,265.8,A
1545495643,2686716486,8/23/2019,530.3,B
3279337891,1687231984,8/23/2019,10.7,A
2370268995,457167155,8/23/2019,25.9,A
225225498,2308309101,8/23/2019,220.6,A
2117234618,4002369227,8/23/2019,30.5,A
2035013473,895233158,8/23/2019,10.8,A
364342391,2849720983,8/2/2019,40.2,B
1284843140,3386452937,8/2/2019,130.8,A
1166775572,3265039507,8/2/2019,5.3,A
2575861846,4256040402,8/18/2019,170.8,B
3795138501,887812064,8/18/2019,5.6,A
3743515850,2579882178,8/18/2019,30.6,A
2012012971,1516351054,8/18/2019,225.5,B
131747281,2579882178,8/18/2019,305.6,B
3897826085,3927376365,8/18/2019,165.8,B
1067267410,3957174400,8/18/2019,40.2,A
1731627062,1100237501,8/18/2019,5.5,B
1312693562,2522140192,8/23/2019,40.2,A
298049028,4157461730,8/23/2019,30.2,B
1769257333,2278620397,8/23/2019,525.6,B
3404861334,467022501,8/23/2019,20.9,A
26423654,1229866403,8/23/2019,30.8,A
1634965106,281523083,8/23/2019,40.2,A
3017343075,1261629107,8/2/2019,75,B
412824526,1455861274,8/2/2019,200.1,B
1101659272,1648269707,8/18/2019,15.2,A
3984783002,1178217086,8/18/2019,55.6,A
2330926120,1935367901,8/18/2019,20.4,A
3592105335,3279802827,8/18/2019,35.6,A
3641100475,1579036099,8/18/2019,20.9,B
180749850,2801638130,8/18/2019,20.2,A
934232801,3309365614,8/23/2019,110,B
3508803238,3117119809,8/24/2019,300.3,A
587872075,2254456485,8/24/2019,830.3,A
3140010296,3647934575,8/2/2019,35.6,B
1651482177,2147998719,8/2/2019,35,A
218467446,650280576,8/2/2019,10.6,B
2315635631,2606208134,8/3/2019,70.1,A
3413449258,387170777,8/3/2019,195.3,A
2211112339,982374313,8/18/2019,10.5,A
3709669952,3295038680,8/18/2019,370.4,A
3046161180,4142693015,8/18/2019,100.7,A
143829018,3054940424,8/25/2019,10.5,B
520097477,2988190573,8/25/2019,340.1,A
161113724,3463388890,8/24/2019,50.4,B
800632297,4062713576,8/24/2019,30.1,B
630178370,2845785181,8/18/2019,40,A
2070211595,3294921142,8/3/2019,90.5,A
887219389,3170813781,8/24/2019,120.2,B
3190958060,1850778479,8/25/2019,10,A
609915801,2780786433,8/28/2019,20.5,A
3227505145,2128962954,8/28/2019,20.3,B
1275337321,3043080596,8/28/2019,35.6,A
1404959653,3896738923,8/18/2019,5.2,A
2669609377,3511496907,8/19/2019,30.2,A
2727336513,2629148010,8/19/2019,45.4,A
3532704780,3984495233,8/3/2019,315.1,B
3567356314,3077396270,8/24/2019,65.5,B
3524589317,2986402114,8/24/2019,20.2,B
1136317551,2416662824,8/24/2019,10.5,A
738849391,3161387566,8/24/2019,15.8,A
1939633950,157579733,8/19/2019,40.8,B
4226817726,1349865791,8/19/2019,40.3,A
486115048,2358787737,8/19/2019,40.9,A
3412626998,3282099314,8/19/2019,185.4,A
2414788465,2247745159,8/19/2019,25.1,B
1652782757,2763027084,8/19/2019,25.5,B
1775445570,3118528100,8/19/2019,20.8,A
3154167297,2091902649,8/19/2019,5.8,B
3800875660,3455264956,8/28/2019,35.6,B
1823195189,1918801743,8/28/2019,100.3,B
4276811111,818047933,8/28/2019,55.2,A
4185696070,235366767,8/28/2019,15,A
3909269888,1668030113,8/28/2019,80,B
3263878605,3340403042,8/28/2019,140.2,A
741346069,3103718471,8/28/2019,25.7,B
3006440800,1738359350,8/28/2019,15.7,B
2029413212,182753106,8/28/2019,5.6,A
2345357201,3577042875,8/28/2019,30,B
968111463,458253749,8/25/2019,15.2,B
2994467711,1236388112,8/25/2019,20.8,B
4006427057,612505725,8/25/2019,20.2,A
3745550734,1703949673,8/25/2019,125.1,B
3784129239,2652835245,8/25/2019,10.4,A
2714235110,1046398313,8/25/2019,235.9,A
2216192667,834731816,8/25/2019,640.7,B
310029418,2468974761,8/25/2019,35.6,B
1282317468,2254875182,8/3/2019,15.7,A
1676080802,910107897,8/3/2019,15.6,A
1612463967,3891384992,8/3/2019,95.3,A
2161369048,130417038,8/3/2019,25.5,A
194489498,1154728414,8/3/2019,20.8,A
1407273155,2703178540,8/3/2019,25.4,A
4143214054,1869662856,8/3/2019,70.2,A
2337370869,2016864191,8/3/2019,10.5,A
1407575382,1097629811,8/24/2019,45.4,B
3959809807,1421513677,8/24/2019,95.3,B
4147554249,2301937222,8/24/2019,10.2,A
3147672292,2492519473,8/24/2019,40.7,A
393610987,2700670803,8/24/2019,30.6,A
2106647175,2643391466,8/24/2019,80.4,A
562977028,233773277,8/24/2019,105.6,B
2476095168,1604176421,8/28/2019,80.9,A
1623176798,749837663,8/28/2019,235.3,A
3503087376,1917506191,8/28/2019,140.7,A
615966907,3717692402,8/28/2019,15,B
4027963553,1893387602,8/6/2019,140.2,B
2400978083,4181076848,8/6/2019,260,B
1552043751,109615108,8/6/2019,35.7,A
2096847394,4251115836,8/19/2019,40.5,B
1745032218,1772171838,8/19/2019,25.5,A
4288552432,2971471657,8/19/2019,10.8,A
2037051350,1957949546,8/19/2019,260,A
1033377712,3860669668,8/19/2019,65.4,B
3268879337,2536252163,8/19/2019,310.1,B
4041036714,978473912,8/24/2019,195.8,B
857639553,2044997962,8/24/2019,40.1,A
1205865656,3371277047,8/24/2019,80.6,B
1139821076,2488182306,8/24/2019,10,B
4140190337,249864742,8/24/2019,10.5,B
1134284616,3430457488,8/24/2019,260.6,A
1863281703,1959144690,8/25/2019,255.5,A
1400686638,181166394,8/25/2019,75.5,A
42506358,535857429,8/25/2019,55.1,B
1964998089,2618159035,8/25/2019,85.3,A
3631538224,1622301731,8/25/2019,255.4,B
1177690313,2458001652,8/25/2019,40.7,B
3645205514,716514914,8/25/2019,5.8,B
1794917688,252987601,8/3/2019,40.1,A
3533599275,4018812886,8/3/2019,25.9,B
318597867,3104896602,8/3/2019,80.6,A
2812811922,858552794,8/3/2019,25.5,A
1802431162,3127757912,8/3/2019,325.9,A
1441625969,3353177029,8/3/2019,25.3,A
1233825013,3160828523,8/3/2019,90.2,A
444963271,866305447,8/3/2019,65.7,A
2415738512,2038680547,8/25/2019,5.2,A
2213813903,2378935119,8/25/2019,330.5,B
3796325351,4281247801,8/25/2019,45.6,B
3384227820,2582702340,8/25/2019,20.3,B
3025669476,3237158392,8/28/2019,195.1,A
2552819381,678354126,8/28/2019,15.5,A
3646798055,709955468,8/28/2019,155.7,B
2956594374,3260527149,8/28/2019,15.6,B
2084190534,3673190339,8/28/2019,60.8,A
1853288890,4171878080,8/28/2019,155.7,B
2061627240,1402025725,8/28/2019,90.5,A
2641583134,3469608676,8/28/2019,300,A
371848868,1294878855,8/28/2019,50.4,B
2890964573,3704741858,8/28/2019,10.1,B
2052514069,1995481842,8/28/2019,5.1,B
2160002122,619764962,8/3/2019,15.4,B
1441855393,1404934699,8/3/2019,420.1,B
2961045922,2696039803,8/3/2019,155.7,B
3252142918,1832798996,8/3/2019,220.2,A
822092266,4186744110,8/3/2019,10.8,B
2399678258,3741503045,8/3/2019,15,B
1696190144,1687240555,8/6/2019,385.7,B
2100491088,1147554328,8/6/2019,20.2,B
947776467,659580242,8/6/2019,70.2,B
2505918657,2524310328,8/6/2019,5.2,B
1825231501,2587333274,8/6/2019,140.5,B
3878473215,2210805728,8/6/2019,10.2,B
2470267229,2274825520,8/6/2019,10.8,A
3322807521,4109358064,8/6/2019,15.5,A
884458775,1831227158,8/6/2019,30,B
2788225284,1606766439,8/6/2019,580.7,B
3765974140,1357170471,8/19/2019,490.4,A
181836088,3528043184,8/19/2019,150,A
4161654914,990904712,8/19/2019,175.1,B
2609443403,2406916810,8/19/2019,10.2,B
590470918,1920142716,8/19/2019,19920.4,B
19467429,2397843657,8/19/2019,45.5,B
3019510679,2397843657,8/19/2019,25.5,B
791532781,4079050915,8/19/2019,80.8,A
2436528253,1060341621,8/19/2019,20.9,B
1168756094,3202540741,8/24/2019,50.5,A
578479971,707833925,8/24/2019,275.5,B
1061451265,3202540741,8/24/2019,85.8,B
3312757456,994339272,8/24/2019,90.8,A
1215410543,3994425631,8/25/2019,25.2,B
2430683444,2378935119,8/28/2019,315.6,B
3381429285,1890645762,8/28/2019,170,A
2291372207,2968526225,8/28/2019,35.8,B
2287457662,194969263,8/28/2019,35.7,B
1371922580,2452603128,8/28/2019,5.6,B
3838148156,850320739,8/28/2019,35.8,B
2396420873,2171487014,8/3/2019,50.5,B
1228436647,872679699,8/3/2019,10.5,B
2466620500,1388838483,8/3/2019,115.3,B
3751930031,3909304777,8/3/2019,285.1,B
2656017279,2288159513,8/3/2019,10,A
455568416,1414758703,8/3/2019,105.7,A
1679400779,600572117,8/3/2019,45.5,B
35929812,2168467118,8/3/2019,50.7,A
416170089,3146597820,8/3/2019,100.1,A
1750160666,1333886533,8/6/2019,25.5,A
1658608862,3985807412,8/6/2019,10.5,A
3367644853,2307676173,8/6/2019,85.1,B
3075639014,351125977,8/6/2019,70,A
3755354294,2458001652,8/6/2019,115.1,B
2781850870,2954449915,8/6/2019,50.2,B
543654048,2458001652,8/6/2019,25.9,A
1442150543,1333058479,8/6/2019,50.6,B
1565422415,191870721,8/6/2019,20.8,B
863448794,2738601405,8/19/2019,5.8,B
141445646,3017378493,8/19/2019,50.1,A
2683113224,154576532,8/19/2019,410.5,B
2661837070,3819243527,8/19/2019,145,A
4170537404,290022471,8/19/2019,255.5,B
2854869852,586100578,8/26/2019,30.5,B
1490093586,1404560065,8/26/2019,155.8,B
3900869207,656974993,8/26/2019,45.7,B
1184338948,3254689071,8/26/2019,10.2,B
4182212811,3663170795,8/3/2019,25.9,B
3435237349,3342201840,8/3/2019,140.3,B
2234122314,3310105714,8/3/2019,140.1,B
798048333,3462462738,8/3/2019,40.3,A
4169633550,1858007013,8/3/2019,35.6,B
3224706027,2378935119,8/28/2019,70.8,B
2004946059,1637811943,8/28/2019,20.4,B
2013919907,2928315504,8/28/2019,10.4,B
457171476,1377447894,8/28/2019,5.6,B
2939332152,3245907439,8/24/2019,300.6,B
469964133,537599508,8/24/2019,215.8,A
1651227034,2927087541,8/24/2019,35.7,B
1954636284,2600415354,8/6/2019,25.5,B
2419903539,3177790019,8/6/2019,475.5,B
1715714627,495712671,8/6/2019,30.5,A
2280027650,2458001652,8/6/2019,105.8,B
2631228632,1772171838,8/6/2019,100.3,A
858446481,517094627,8/19/2019,10,A
752294429,2758621772,8/19/2019,20.4,B
2786000406,2744017357,8/19/2019,25.9,A
2882003943,3212572194,8/19/2019,30.4,A
3245585636,938079215,8/26/2019,175.3,B
1048853344,3724732821,8/26/2019,310.2,B
298049448,3013339133,8/26/2019,45.9,B
3330749678,3367493247,8/26/2019,140.7,B
128480032,3504688413,8/26/2019,135.1,A
1207030791,2700013943,8/26/2019,35.5,B
1641863009,3937582421,8/26/2019,160.8,A
2825038272,3951559397,8/29/2019,480.8,B
246848596,3951559397,8/29/2019,40.3,A
2596511168,2370420350,8/4/2019,40.3,B
2122398532,1937307986,8/4/2019,150.4,A
635407424,85103373,8/4/2019,20.8,A
50573571,152397976,8/4/2019,10.5,B
735672072,3371539723,8/24/2019,5.9,A
2717892024,865916592,8/24/2019,20.2,A
2541233311,4027578749,8/25/2019,40.8,A
3896562897,3628338328,8/6/2019,40.2,B
438781793,1159489312,8/6/2019,130.9,A
4067849009,2108163459,8/6/2019,10.9,A
2012347492,2572275626,8/6/2019,85.3,B
3913205113,4006260374,8/6/2019,50.3,B
2092376102,1879028067,8/6/2019,30.4,B
1393848137,3874092616,8/6/2019,270.4,B
2744208512,4109358064,8/6/2019,75.5,A
3944922068,1474473704,8/6/2019,110.6,B
2765468571,4038883307,8/6/2019,90.5,A
1472783002,1617417821,8/26/2019,30,A
3754751399,2044997962,8/26/2019,95.7,B
582361359,2044997962,8/26/2019,20.2,B
1765769688,1744796792,8/26/2019,50.3,A
4152028361,352377175,8/26/2019,10,A
2773724620,1802957007,8/26/2019,15.4,B
641338041,623318263,8/26/2019,165.6,B
815003794,1303698307,8/26/2019,55.2,B
1739748874,522292794,8/19/2019,80.1,B
3487214061,2776274025,8/19/2019,105.4,A
3031564664,393266494,8/19/2019,335.5,A
1654949825,1335154194,8/19/2019,10.7,B
1570513684,2837914161,8/19/2019,515.9,B
1543948528,492739583,8/19/2019,15.5,A
90109939,2075769885,8/19/2019,55.2,B
3970235543,2912540959,8/19/2019,680.8,A
4016435970,4017075195,8/19/2019,210,A
1973794357,1698039057,8/29/2019,155.8,A
3660038601,1463715810,8/29/2019,15.7,B
3311675826,3116822707,8/29/2019,70.2,A
3061324106,3972127743,8/4/2019,130.2,B
3925488023,3984495233,8/4/2019,315.1,A
384670583,1247895435,8/4/2019,10,A
1703637902,4251087345,8/4/2019,80.1,B
1187625359,3362039251,8/20/2019,100.2,B
1084293954,2069923923,8/20/2019,20.8,A
2425764900,3713138051,8/20/2019,40.2,B
3049238571,2710478747,8/20/2019,165.3,A
3678943889,417213830,8/29/2019,100.7,A
3831358676,2139465532,8/29/2019,185.2,B
2172704731,2042457747,8/29/2019,280.8,B
2866469834,3917749921,8/29/2019,65.8,B
2912128786,2030837847,8/29/2019,390.8,B
430186476,2780786433,8/29/2019,25.3,A
4243941421,1367935136,8/29/2019,550.9,A
3894221956,3584855583,8/29/2019,150,B
323958042,1010866419,8/6/2019,425.9,B
151437276,3908431265,8/6/2019,25.2,A
1926996770,3908431265,8/6/2019,30.5,A
3986425716,3908431265,8/6/2019,15.7,A
1747904063,4144343220,8/6/2019,70.2,A
571224785,3941503500,8/6/2019,80.8,B
2489491772,856264494,8/6/2019,60.2,B
3621273697,3941503500,8/6/2019,80.8,B
2888367978,1052142804,8/6/2019,15.7,A
3772248562,3075705514,8/26/2019,25.5,B
3241914033,3957174400,8/26/2019,40.2,B
2243349176,1452540367,8/26/2019,510.5,A
922638597,935349363,8/26/2019,550.9,B
3649785329,1341752722,8/26/2019,20.2,B
1910474662,3661375494,8/26/2019,40.2,B
3600573749,3928949490,8/26/2019,90.1,A
2952636658,56960363,8/9/2019,25.9,B
4021746511,113298937,8/9/2019,425.6,B
4226156350,3660225571,8/9/2019,30.1,A
1867784682,2247666522,8/4/2019,485.3,B
1079956648,4087542339,8/4/2019,10.5,A
4084175636,2430786771,8/4/2019,35.6,A
1887336629,6958315,8/4/2019,25.9,B
3394575003,2025197455,8/4/2019,5.6,B
212815314,2054014923,8/4/2019,85.8,A
2724331495,4279090005,8/4/2019,105.3,B
3932236947,2038680547,8/4/2019,45.1,B
1570911533,2038680547,8/4/2019,25.5,A
1634400895,3540744920,8/4/2019,55.8,A
4060991953,3719891787,8/7/2019,300.3,A
3247488765,1588775363,8/7/2019,90.1,B
1407752954,1555770826,8/29/2019,30,A
3167192434,3379260072,8/20/2019,10.3,B
1126146019,2705308997,8/20/2019,5.8,A
3301293313,1151477821,8/20/2019,65.7,B
1774899068,274717519,8/20/2019,55.7,A
1482923642,666694713,8/20/2019,20.8,B
3700356838,4256040402,8/20/2019,275.5,A
2476870871,916684595,8/20/2019,90.3,B
3702128013,237748145,8/20/2019,20.8,A
1601158430,990849616,8/20/2019,55.6,B
1661608904,199874245,8/20/2019,5.7,A
3430893515,1831375989,8/26/2019,35.4,A
2205947780,1049627981,8/26/2019,165.3,A
629969501,3935952912,8/26/2019,75.2,B
3352388207,1938138695,8/26/2019,200.3,A
831316805,3511617963,8/26/2019,125,B
2339908130,1485964287,8/26/2019,50.5,A
3627506669,3177606451,8/9/2019,45.7,A
160345536,2445878741,8/9/2019,10.6,B
3126152734,702994395,8/9/2019,15.4,B
2356264591,1224903511,8/9/2019,5.1,A
11068804,3166175118,8/9/2019,75.7,B
3608171161,3637027427,8/4/2019,220.2,A
1215730747,2038680547,8/4/2019,40.1,A
4007826947,3891541246,8/4/2019,10.4,B
3384575290,456417264,8/4/2019,30.5,B
2672742956,2025197455,8/4/2019,195.1,B
332633624,3891541246,8/4/2019,80.2,A
2461347779,4223733735,8/4/2019,45.5,A
1244084011,2458001652,8/4/2019,10.2,A
2252458552,2036584322,8/4/2019,30.8,B
4071177889,3931967268,8/7/2019,830.3,B
1172658283,671625855,8/7/2019,185.5,B
2707614072,2248249182,8/7/2019,30.5,A
3184248123,3616659553,8/7/2019,35.6,A
2150972893,1229532929,8/7/2019,110.5,A
1532137447,1378148355,8/7/2019,20.3,A
50225499,869044563,8/29/2019,280.8,A
3108623697,117599621,8/29/2019,20.8,B
380504587,1831140265,8/29/2019,410.5,A
2148936881,654930236,8/29/2019,300.6,B
1576403126,3956892867,8/29/2019,45.1,A
1666104258,2038680547,8/29/2019,40.2,B
19446369,2666467773,8/29/2019,55.2,B
3022667018,3935952912,8/29/2019,30.1,B
4212256267,4120364173,8/29/2019,615.3,A
1483298733,2201480904,8/29/2019,10.2,B
2143803288,442260868,8/29/2019,200.8,A
1329556473,2626290177,8/20/2019,400.3,B
3448552908,960782649,8/20/2019,295.2,A
2516233682,1069983096,8/20/2019,60.9,A
4077952433,178249104,8/20/2019,265.8,A
1578727547,793112967,8/9/2019,280.1,A
2067529988,4014197579,8/9/2019,160.7,A
3560142722,2531836666,8/9/2019,80.8,B
1869578588,195530970,8/9/2019,265,B
2184241291,2399568665,8/9/2019,50.8,B
3047865341,2461709734,8/4/2019,80.8,B
3730164576,1476741193,8/4/2019,240.2,B
4016803793,366673373,8/4/2019,5.7,A
369801982,954785863,8/4/2019,155.8,B
2591976620,2999778091,8/26/2019,215.2,B
3664867609,1476256851,8/26/2019,25.5,A
1328714350,3133484003,8/26/2019,140.6,A
3796946799,4095180727,8/26/2019,75.1,A
2180201337,1728743776,8/26/2019,150,B
1646402801,382846391,8/26/2019,675.2,A
3544621373,621427706,8/7/2019,300.3,B
1314703772,2396121427,8/7/2019,30.4,A
2782494067,4166660304,8/7/2019,5.4,B
3720572478,1577719542,8/7/2019,65.5,B
2107411712,2819363575,8/7/2019,25.5,B
2178722073,816783716,8/7/2019,535.5,B
3659622247,4224378620,8/7/2019,170.6,B
380685964,643335272,8/7/2019,10,B
2081053731,3572819427,8/26/2019,110.1,A
1988035100,1016890234,8/26/2019,280.8,B
3615982016,4194288377,8/26/2019,75.3,B
1381001911,907970812,8/4/2019,35.2,A
1415191499,3636663279,8/4/2019,45.4,B
1811671147,4266935830,8/29/2019,1220.2,A
2612401984,2393492379,8/29/2019,40.8,A
2280802660,2412366830,8/29/2019,75,B
452710654,3072399624,8/29/2019,170.9,A
2547759316,2803209166,8/29/2019,20.2,A
2380347282,430948481,8/29/2019,10.5,A
3207473498,2663297422,8/29/2019,45.5,A
165288431,2162698752,8/29/2019,265.4,A
1096121493,1722729964,8/29/2019,10.5,B
3924423491,280073872,8/9/2019,15.1,B
3667885894,1230306981,8/9/2019,105.7,A
2627773869,4231233292,8/9/2019,160.3,B
1748608673,1230306981,8/9/2019,100.5,B
2658936877,1230306981,8/9/2019,100.1,B
278311817,1230306981,8/9/2019,30,A
2348589867,1294878855,8/9/2019,425.4,A
3614621763,3977396102,8/20/2019,30,B
3879539725,3953983768,8/20/2019,35.5,B
2083889130,4176813035,8/20/2019,30.8,B
3185013805,4037118491,8/20/2019,280.8,B
1216533772,4266935830,8/29/2019,1220.2,B
653973461,2231749745,8/29/2019,10.3,A
3964942202,358944393,8/29/2019,660.5,A
2972137054,1614305549,8/29/2019,150.9,B
1573514293,3148168974,8/29/2019,80.2,B
2663041816,1614305549,8/29/2019,25.5,A
511953429,1333886533,8/29/2019,50.4,B
3837794863,243620413,8/29/2019,10.3,B
3455399567,3141507731,8/30/2019,280.8,B
3589879928,1565607587,8/9/2019,60.6,B
3586870909,2458001652,8/9/2019,85.4,B
3244441077,3803269165,8/9/2019,10.1,B
3165578945,1253818784,8/9/2019,145.9,B
2235924775,473299164,8/9/2019,90.9,B
198999602,3659263677,8/9/2019,40.8,A
1612868255,2378935119,8/9/2019,475.5,B
429858801,3984495233,8/5/2019,225,A
3606446640,2378092656,8/5/2019,15.7,B
2472751116,2328791559,8/7/2019,35.8,B
4082166396,2046011647,8/7/2019,20.3,A
1936881098,3607649875,8/7/2019,40.3,A
4293855558,8300375,8/7/2019,30.5,A
1185885568,759473111,8/7/2019,305.3,A
2541328114,1426761187,8/7/2019,180.8,A
2845314954,2663984869,8/7/2019,60.2,B
2741495374,1667068825,8/7/2019,65.3,B
3256245027,993094131,8/7/2019,25.5,B
514501382,950626008,8/7/2019,710.8,A
619615697,582460750,8/20/2019,165.3,B
672040400,723038324,8/20/2019,50.9,B
3805806808,3866069709,8/20/2019,40.8,B
2699289722,862992587,8/20/2019,10.2,B
175321713,2138109167,8/20/2019,5.5,B
2961490189,1404560065,8/27/2019,275.7,B
972407388,237748145,8/27/2019,10.2,A
1946569610,3693438260,8/27/2019,60.2,A
3232411764,2357168171,8/27/2019,380.1,A
1676073049,2696599598,8/5/2019,15.6,A
3901964025,296565978,8/5/2019,10,A
390467479,2546716293,8/5/2019,30.8,A
3517061727,4062055840,8/5/2019,110.5,A
2023295336,4009017467,8/5/2019,440.2,B
2700709852,2561350211,8/5/2019,50.5,A
2309447140,2913441496,8/7/2019,25.9,B
3163082555,906523562,8/7/2019,50.1,A
3959083601,2458001652,8/7/2019,270.4,A
1416727054,3357398384,8/7/2019,455.8,B
2667448076,2587333274,8/7/2019,95.9,B
3335803766,477780734,8/30/2019,115.3,A
3568733367,1206072200,8/30/2019,40.8,B
132561921,477780734,8/30/2019,60.2,B
3782700345,2395035985,8/30/2019,80.8,B
4143391178,1373713654,8/30/2019,155.5,B
3328555363,406208401,8/9/2019,55.3,B
2524994153,2605843205,8/9/2019,225.9,A
1061639574,2195309755,8/9/2019,50.5,B
4228929090,2819072957,8/9/2019,20.7,B
2541955961,1230306981,8/9/2019,160,A
405281389,2108163459,8/9/2019,10.9,A
2142284513,1438226485,8/9/2019,55.6,B
1113045957,3323129950,8/9/2019,225.9,A
3603576309,4133034833,8/9/2019,1050,A
3668308183,888512513,8/27/2019,1335.6,B
648682471,2633052872,8/27/2019,80.4,A
1589082866,3321013705,8/27/2019,765.5,A
1237221075,3304571422,8/27/2019,15.7,B
434147256,2396134342,8/20/2019,15.6,B
2419950278,509080881,8/20/2019,300.3,B
3133733765,1255412427,8/20/2019,50.8,A
348143148,689129267,8/20/2019,575.5,B
237002862,1398592185,8/20/2019,10,A
2271171213,2162167602,8/21/2019,305.5,B
860384268,2316833558,8/30/2019,40.7,B
1234615529,2279926127,8/30/2019,705.3,B
125335873,3423937755,8/30/2019,5.8,B
461722689,2988190573,8/30/2019,385.5,A
416093091,447836349,8/9/2019,30.7,B
1530631615,1544467991,8/9/2019,20,A
2139039614,1455323168,8/9/2019,20.8,B
1109375840,2924874435,8/7/2019,20.2,A
3047372556,171459513,8/7/2019,90.5,B
2489555571,1395236619,8/7/2019,150.1,B
2176732109,705680638,8/7/2019,20.7,A
1457259561,2421265884,8/7/2019,20.2,B
178265899,433951253,8/7/2019,85.5,B
1278695805,1614305549,8/21/2019,15.5,A
2102403691,2213855729,8/21/2019,40.2,B
3257317835,1224575308,8/21/2019,10.1,A
1907905097,3906435972,8/5/2019,30.8,B
1670357589,1774856294,8/5/2019,25.5,B
2309036559,2908466434,8/5/2019,30.2,B
957249987,2666068032,8/5/2019,145,A
2049400530,2429822128,8/5/2019,40.2,A
1157343706,589808731,8/27/2019,10,A
1092669520,600964629,8/27/2019,15.9,A
3784111282,329473477,8/27/2019,195.2,A
2726404029,1602967004,8/27/2019,75.9,B
408812103,2486521341,8/27/2019,55.5,A
1311251665,264456202,8/27/2019,15.1,B
936042206,1617417821,8/27/2019,125.4,A
2339954598,1668030113,8/27/2019,40,A
189332332,1959144690,8/27/2019,255.5,B
1183827418,3573155649,8/7/2019,80.8,B
3502192780,683554837,8/7/2019,60.5,B
1507038921,1011231197,8/7/2019,50.1,A
1348929396,2698944478,8/7/2019,15.8,A
2430984474,2467439671,8/7/2019,60.8,B
202241000,3062077384,8/8/2019,35.7,B
3455897155,2065143173,8/30/2019,10.4,A
3525952977,2888793654,8/30/2019,215.8,A
4178616791,3016218652,8/30/2019,20.2,B
4080243878,2988190573,8/30/2019,315.2,A
2090708381,1197773061,8/10/2019,25.5,B
4230875336,2669052850,8/10/2019,40.7,B
777722931,3907107900,8/5/2019,20.3,B
1595002579,2744017357,8/5/2019,85,A
2291957725,2188683977,8/5/2019,90,A
724544405,2572433473,8/5/2019,40.5,B
2017680897,399216493,8/5/2019,30.2,A
504373597,2604012846,8/5/2019,15.7,B
2875229767,1627549308,8/5/2019,10,B
1988916037,3187581794,8/5/2019,80.4,B
4167421281,154825609,8/5/2019,65.8,B
2726113349,1801183820,8/5/2019,5.5,B
1361424159,3033962131,8/5/2019,15.7,A
2740953457,3102053760,8/5/2019,20.2,A
2344401705,366673373,8/5/2019,25.5,A
3362484972,3717692402,8/21/2019,40.9,A
290471249,2041539477,8/21/2019,125.6,A
3278896715,3451176495,8/21/2019,25.7,A
663375979,1508900659,8/21/2019,15.6,A
1605437540,3012531415,8/21/2019,100,A
1759418862,4186807279,8/21/2019,290.5,B
1722971027,1786280350,8/21/2019,5.8,B
3585957438,3229395114,8/21/2019,125.9,A
1460586653,4213333413,8/21/2019,5.3,A
3069553209,1351898488,8/21/2019,75.8,A
380064637,4186807279,8/27/2019,215.4,B
767912658,1667360450,8/27/2019,5.9,B
3303424591,645425477,8/27/2019,280.8,A
3900298739,1539796403,8/27/2019,40.2,A
2971973105,199603092,8/27/2019,45.9,A
3086067579,277405052,8/27/2019,310.5,A
446569841,1471458381,8/27/2019,5.7,B
142712712,1397211727,8/30/2019,20.8,B
3987401232,627176112,8/30/2019,110.5,A
1029192242,570540961,8/30/2019,45.4,B
2514024187,3766097110,8/30/2019,20.1,A
217480737,2846507753,8/30/2019,20.2,B
2851407406,368204224,8/30/2019,5.9,B
2470658885,3766097110,8/30/2019,10.5,B
1636454846,4237561104,8/30/2019,10.1,A
3854129892,625115313,8/10/2019,150.4,B
3279015842,888420622,8/8/2019,240.2,A
2909182252,3720590235,8/8/2019,55.5,A
769008348,583433650,8/8/2019,90.8,B
1607016207,3717692402,8/21/2019,65.2,B
2368020497,2870367609,8/21/2019,25.7,B
234238251,2742574263,8/21/2019,150.4,B
3730368751,1669393038,8/21/2019,160.5,B
2076434956,3941795274,8/21/2019,20.2,A
3536751509,3722970464,8/5/2019,20.2,B
3734714128,471551937,8/5/2019,355.1,A
3809397218,3263046761,8/5/2019,20.2,A
4256972642,3281496343,8/5/2019,35.6,A
3406907886,2082081961,8/5/2019,20.3,A
1063646926,102981183,8/5/2019,225.9,B
373945924,3785537730,8/5/2019,40.2,B
3834417582,4205543768,8/5/2019,45.1,B
986374747,949750571,8/27/2019,10.1,A
8131427,3587733103,8/27/2019,75.5,A
262925486,2772153338,8/27/2019,35.8,A
2865895399,1732269954,8/27/2019,15.7,A
3483580157,2580341989,8/27/2019,285.1,A
2318242783,1634934899,8/27/2019,15.8,B
847315305,2780786433,8/27/2019,10.3,B
192721366,1316129916,8/27/2019,1450.2,A
549358396,3792964032,8/10/2019,50.7,A
1369044083,1826431635,8/30/2019,140.7,B
2229298010,1738359350,8/30/2019,35.8,B
4203085435,980818195,8/30/2019,110.4,A
1408156385,2217984702,8/30/2019,15.2,A
1273552286,3993040832,8/30/2019,195.5,B
549769193,1420364840,8/30/2019,80.7,B
707525727,1270030113,8/30/2019,55.6,B
1538887006,3372131337,8/30/2019,555.2,B
3949629544,3042692891,8/8/2019,70.1,B
511011368,1981624632,8/8/2019,100.2,A
4166735432,285030828,8/8/2019,280.8,A
4244481880,4037043590,8/8/2019,20.4,B
2000852429,2445531802,8/8/2019,15.7,A
2519737434,4256040402,8/8/2019,900.7,B
3636437832,3736558232,8/8/2019,25.5,B
2367795708,1554533732,8/8/2019,60.5,B
2599120403,1596970166,8/8/2019,55.8,B
1319904784,1274716998,8/8/2019,25.4,B
3315359627,1831956319,8/5/2019,5.4,A
1197739160,1801183820,8/5/2019,10,A
3466109212,1713857373,8/5/2019,220.2,B
1845245000,1507665514,8/5/2019,25.6,A
1477976259,3870317023,8/5/2019,50.1,B
2412219836,2458001652,8/5/2019,40.2,B
894865132,1557781683,8/5/2019,25.8,B
335158381,947532470,8/5/2019,85.2,A
51443164,4278982564,8/5/2019,385.7,A
383287370,407706407,8/5/2019,30.6,B
4103220998,3979054828,8/5/2019,50,A
3586326620,1630618580,8/5/2019,10.9,B
1192185169,2853587382,8/21/2019,475.5,B
3608152685,3796654595,8/21/2019,60.5,B
69312188,1009464434,8/21/2019,180,A
3390166538,329726006,8/21/2019,65.4,A
559859702,3149228032,8/21/2019,10.2,A
1646874005,2306096143,8/21/2019,210.4,A
4100162122,2736682487,8/21/2019,25.9,A
374969414,3877129255,8/21/2019,325.9,A
1035705992,1396482013,8/21/2019,270.2,B
2159858322,2283224496,8/27/2019,35.5,A
3922986948,1316129916,8/27/2019,15.8,B
3402467119,4256040402,8/27/2019,30.1,A
1243954217,467975735,8/27/2019,5.5,A
2859293852,3647477940,8/27/2019,35.2,B
305846010,1677041464,8/27/2019,10.5,A
2120503539,3239199975,8/27/2019,10.8,B
3910266759,789265206,8/10/2019,40.8,A
1992809750,1775276630,8/30/2019,300.2,B
3352225027,1807547430,8/5/2019,5.2,B
1062393,2661240577,8/5/2019,100.8,A
1612010084,2008082479,8/8/2019,40.2,B
4013545461,2614516882,8/8/2019,30,B
437876380,39475350,8/8/2019,65.4,B
4132628207,2604694259,8/8/2019,25.4,B
2792059099,1602967004,8/8/2019,65.2,A
3675491906,3097512534,8/8/2019,20.2,B
527333943,2458001652,8/8/2019,85.4,B
1594277506,835577924,8/8/2019,400.8,B
3839104003,2108163459,8/8/2019,15.6,A
3068877425,2650211599,8/21/2019,205.1,A
3057892078,249864742,8/21/2019,90.1,B
3102219893,151496413,8/21/2019,10.4,A
4223601037,1611907877,8/10/2019,35.6,B
1763788632,3893674369,8/10/2019,75.2,B
3778001764,47206413,8/10/2019,15.2,B
3817119382,2840985286,8/10/2019,540.3,A
884109530,1909539331,8/30/2019,55.8,A
31060183,710690947,8/30/2019,15.4,B
2894657060,204675465,8/30/2019,510.5,B
926804035,634450378,8/30/2019,10.8,B
3682739914,3910723394,8/31/2019,300.8,B
2575492995,4144979507,8/27/2019,10.5,A
4149397657,2902041511,8/27/2019,15.1,A
3760662696,3577713868,8/27/2019,5.9,B
1537104566,1782658204,8/27/2019,25.5,B
1399322126,1184607010,8/27/2019,115.7,A
936917445,393266494,8/8/2019,35.7,B
3628490752,284094220,8/8/2019,20.8,B
1575313118,3717692402,8/8/2019,25.7,B
3873503306,3101956850,8/8/2019,65.2,A
2420050534,4003628586,8/8/2019,905.8,B
2497497433,1830803815,8/8/2019,15.3,B
2518211204,3077396270,8/8/2019,115.4,B
1215018444,2406897935,8/8/2019,285.3,B
154338469,3941600282,8/8/2019,285,A
1364984427,2010516786,8/21/2019,240.2,B
210558688,2733145037,8/21/2019,55.2,A
2128508695,2733145037,8/21/2019,105.5,A
3462663151,2158146269,8/21/2019,70.9,A
1347999392,887908475,8/21/2019,930,A
627172106,3074968175,8/21/2019,375.6,B
965979600,48147722,8/22/2019,20.8,B
3187348360,1596446524,8/28/2019,35.8,A
2932932798,3694317332,8/28/2019,140.2,B
3831307789,3185203440,8/28/2019,20.8,B
3143300221,4134830387,8/28/2019,40.1,B
3122496224,3255082731,8/31/2019,20.3,B
3759988715,1762249948,8/31/2019,80.5,B
1207636128,3640080856,8/31/2019,55.2,A
3027277658,2973964255,8/31/2019,30.5,B
2012277167,2999642019,8/10/2019,445.3,B
401622769,635956745,8/10/2019,175.1,A
3024416906,530257481,8/10/2019,300.3,B
3088760849,259989552,8/10/2019,30.5,B
3018088287,3600436937,8/10/2019,30.6,B
271768864,2440451175,8/10/2019,95.8,A
914877599,1174537443,8/10/2019,10,A
1126236755,4228915420,8/10/2019,40.1,B
2762748803,856349446,8/8/2019,40.2,B
1105761923,996668426,8/8/2019,40.1,A
3478707774,2587333274,8/8/2019,60.4,A
4042759961,3686264987,8/8/2019,10.7,B
2419539947,2587333274,8/8/2019,60.4,B
698171827,3941795274,8/22/2019,25.3,B
836739159,4283872382,8/22/2019,60.6,B
3492564891,228221722,8/22/2019,190.8,B
260086319,2156256996,8/22/2019,45.7,B
3457754169,3752369942,8/22/2019,15.9,B
123992977,406208401,8/22/2019,45.6,B
2785716100,2084876480,8/22/2019,235.6,A
3759220283,3116161138,8/22/2019,5.9,A
702418073,3396460792,8/10/2019,10.8,A
3778147089,4243832526,8/10/2019,130.5,A
1428722141,2261102418,8/10/2019,30,B
3217433767,2637462286,8/10/2019,5.5,B
2689922045,3020644940,8/10/2019,85.5,A
218256919,91069833,8/10/2019,15.6,B
287313500,172218683,8/10/2019,25.2,B
1167684138,2895396501,8/10/2019,25.9,B
4035028498,721509856,8/28/2019,5.9,A
2600542600,683753316,8/28/2019,100.2,B
465243102,451104171,8/28/2019,5.8,B
3273938321,3857804666,8/31/2019,75.1,B
1476390797,2044161277,8/31/2019,25.3,B
2436452823,2710492161,8/31/2019,25.5,B
3465107905,2075883701,8/31/2019,45.2,B
1998112401,1900893596,8/31/2019,5.5,A
1941116644,2373765141,8/31/2019,220.2,B
1001961505,803709563,8/8/2019,185.4,A
1811538381,4174346527,8/8/2019,30.5,A
635351875,2114962460,8/8/2019,65.4,A
2420262036,321150727,8/8/2019,20.2,A
3143229464,282188993,8/8/2019,20.2,B
2765619353,54447517,8/8/2019,5,A
1885465086,300249313,8/10/2019,20.5,A
2156491846,2592727107,8/10/2019,5.5,A
1861540412,2261934787,8/10/2019,815.8,A
3901196331,3077470899,8/10/2019,55.6,B
2316868256,2600415354,8/31/2019,45.9,A
2670069237,232979603,8/31/2019,45.6,B
2211880073,3612778094,8/31/2019,55.7,A
1634999519,4076480073,8/31/2019,270.4,A
3141224116,4216089391,8/31/2019,70.5,B
83566152,232979603,8/31/2019,5.9,A
3784371772,551106609,8/31/2019,155.8,A
4262851755,1294878855,8/31/2019,10.8,A
3229560351,427004138,8/31/2019,10.7,B
1729012139,3613900590,8/31/2019,205.1,A
1415970216,4256040402,8/31/2019,80.5,A
453824282,4256040402,8/31/2019,30.5,B
557323463,2361350105,8/31/2019,15.7,B
969750843,4120364173,8/31/2019,240.5,B
2411823395,3788724847,8/31/2019,45.2,A
2886170101,930758570,8/31/2019,105.7,B
3845118557,1964413493,8/31/2019,5.5,B
4180327962,2152549680,8/31/2019,55.4,A
853409662,1390677121,8/31/2019,290.5,B
429304275,3301980586,8/10/2019,10.5,A
4067377068,318152663,8/10/2019,20.3,B
469609643,2378935119,8/10/2019,900.7,A
1282920840,266115224,8/10/2019,45.9,B
1661772358,2378935119,8/10/2019,45.6,B
677472159,1111826046,8/10/2019,50.2,B
1338703051,962484204,8/10/2019,25.7,B
2640648270,2245562049,8/10/2019,185.5,B
2898835960,3972127743,8/9/2019,130.8,A
2890600501,1404934699,8/9/2019,130.3,B
4149581711,1555048873,8/31/2019,30.2,B
2983450240,1605520752,8/31/2019,435.5,B
1853671858,1859207151,8/10/2019,105.2,A
4036458680,2304039735,8/10/2019,290.5,A
3497987294,1212176445,8/11/2019,30.4,A
265631116,3656415546,8/11/2019,5.8,B
543733679,4100747010,8/11/2019,20.2,B
1814628689,1404934699,8/11/2019,135.9,A
1076322816,2219162270,8/11/2019,95.2,A
3533389249,410113592,8/11/2019,30.7,B
1266191879,4259830713,8/11/2019,50.1,A
4057562044,4134830387,8/11/2019,30.5,B
1514149551,2507107988,8/11/2019,50.1,A
3432950155,367176526,8/11/2019,60.5,B
2104773562,1612349123,8/11/2019,15.1,B
375844049,600884435,8/11/2019,225.9,B
55417546,3044645888,8/11/2019,10.1,A
1266977500,931669455,8/11/2019,55.2,B
1880179202,2463259495,8/11/2019,10.4,B
158295218,1576289054,8/11/2019,240.7,A
562221532,2138044356,8/11/2019,20.2,A
1674284750,2634105098,8/11/2019,265.4,B
1859123281,1835372109,8/11/2019,30.7,B
2518195580,4163850406,8/11/2019,140.7,A
1892286239,1388079388,8/11/2019,10.5,A
1817215137,2458001652,8/11/2019,130.4,A
842507644,3170292896,8/11/2019,20.3,B
606354126,3115684948,8/11/2019,285.3,A
1929420857,3359518621,8/11/2019,30.1,A
2241655654,3552142259,8/11/2019,90.5,B
3291040387,1263373242,8/12/2019,70.2,B
7210578,1495112755,8/12/2019,60.5,A
2375657872,3476822370,8/12/2019,35.7,A
1473132782,4069496402,8/12/2019,10.8,B
3348489190,3112126740,8/12/2019,120.3,A
3559692217,2306096143,8/12/2019,30.4,A
3460288289,2993711540,8/12/2019,190.9,A
3571123442,457167155,8/12/2019,20.7,B
4261512099,4178309188,8/12/2019,50.8,B
1223278263,3826874025,8/12/2019,135,A
4197437901,3062605572,8/12/2019,10.1,B
2352568886,1117202045,8/12/2019,10.2,B
4044267042,997945223,8/12/2019,145.1,A
3498400794,3419266314,8/12/2019,125.5,B
1181289994,3636615199,8/12/2019,135.2,A
2055901696,2944179391,8/12/2019,95.5,B
3870335394,1823887377,8/12/2019,20,A
4279408906,1002877908,8/12/2019,15.8,A
96707201,3319676739,8/12/2019,75.5,B
546817993,1310081088,8/12/2019,10.9,B
324171086,3590655705,8/12/2019,610.7,B
749851973,2882903413,8/12/2019,105.3,A
3237740112,1979878245,8/12/2019,75.7,A
3583790584,1122598516,8/12/2019,10.2,A
750632879,4256040402,8/12/2019,5.8,A
177293476,3770394574,8/12/2019,5.6,B
3894437543,276558944,8/12/2019,80.7,A
1746771340,1768898981,8/12/2019,70.2,B
2774755101,2366521417,8/12/2019,220.4,B
3075787818,3062433592,8/12/2019,505.7,B
3357467820,237748145,8/12/2019,10.2,A
1092419081,3062433592,8/12/2019,265.3,A
316924019,148427295,8/12/2019,1015.9,A
1671551244,3062433592,8/12/2019,50.7,B
980307483,3812442168,8/12/2019,15.2,B
1941707234,199603092,8/12/2019,100,A
1348774318,1164614297,8/12/2019,1025.8,A
3879664526,854695158,8/12/2019,25.7,B
2656764852,3942804483,8/12/2019,105.2,B
626262509,3791892006,8/12/2019,55.1,B
1024573057,1028756448,8/12/2019,5.5,A
2146400799,3857916904,8/12/2019,20.3,A
4215838417,399408949,8/12/2019,180.8,A
4213441143,2413071759,8/12/2019,30.1,B
2358087265,2115669947,8/12/2019,120.4,A
1149756812,1985475298,8/12/2019,5.5,B
3170885827,4038181899,8/12/2019,65.4,B
1567625736,470091460,8/13/2019,120.2,B
876779158,368679516,8/13/2019,45.6,B
518382936,3359706893,8/13/2019,15.7,A
3003595335,1810540789,8/13/2019,180.9,B
418108717,1985475298,8/13/2019,15.5,B
3198443301,3409596883,8/13/2019,45.3,A
70327311,179951984,8/13/2019,25.3,B
2023943756,1604853044,8/13/2019,435.7,A
3620682463,2654030115,8/13/2019,35.5,B
2712149372,3940815455,8/13/2019,30.3,B
86504917,3598591418,8/13/2019,105.3,A
4099032419,2749453459,8/13/2019,85.9,A
448493494,66685450,8/13/2019,125.9,A
457983912,2580397131,8/13/2019,55.2,B
264388722,1172166732,8/13/2019,20.2,B
2418682148,187589092,8/13/2019,280,A
2312704236,3221887237,8/13/2019,385.5,A
3545373252,2903830376,8/13/2019,65.2,B
4209564703,1795951456,8/13/2019,135.2,B
2645975327,1285103033,8/13/2019,85.7,B
2236120888,400358405,8/13/2019,40.6,B
453686528,2134820861,8/13/2019,295.7,A
666610489,1307669133,8/13/2019,1425.8,A
2183069967,759473111,8/13/2019,810.4,A
2974379446,3160565905,8/13/2019,25.2,A
837624130,755881835,8/13/2019,20.3,A
3513553494,583902904,8/13/2019,40.2,A
1801818165,2941133924,8/13/2019,5.6,B
3815014015,2606908679,8/13/2019,815.8,B
3551685910,2397025226,8/13/2019,15,B
3568767894,1964799739,8/13/2019,25.9,B
3768600702,3320079367,8/13/2019,80.4,B
1003122151,3085290658,8/13/2019,65.7,B
3591719830,201615765,8/13/2019,30.5,B
1292296903,1766557988,8/13/2019,15.7,B
1276399043,2987864213,8/14/2019,150.4,B
1722995581,2761566146,8/14/2019,25.4,A
4176325967,3622537133,8/14/2019,55.2,A
3800907028,2412305169,8/14/2019,20.3,A
2764584088,1562205279,8/14/2019,50.5,B
3096761411,1948974149,8/14/2019,50.9,A
2213775495,1484903144,8/14/2019,65.4,A
1254962016,2654030115,8/14/2019,35.5,A
3716304192,2695379936,8/14/2019,10.1,A
1784775498,3950806039,8/14/2019,10.7,A
29438557,1637811943,8/14/2019,55.4,B
290089453,1571986409,8/14/2019,55.5,B
2961555325,325179089,8/14/2019,20.9,B
1277417350,3963646447,8/14/2019,100.2,A
2357685128,818047933,8/14/2019,10.2,B
3053268562,3815257471,8/14/2019,145.1,B
2289555915,3963646447,8/14/2019,120.2,B
2676541142,471551937,8/14/2019,55.2,B
3757656646,4186807279,8/14/2019,80.8,A
2015722678,2223522147,8/14/2019,30.7,B
4281129020,906754117,8/14/2019,60.2,A
1876275626,1781647073,8/14/2019,25.4,A
2860596918,3803269165,8/14/2019,105.7,B
3898641900,3803269165,8/14/2019,15.2,B
3612788481,2712142231,8/14/2019,40.3,A
2927992070,1658204305,8/14/2019,20.8,A
1373388206,3717692402,8/14/2019,40.9,B
3213645392,2456230425,8/14/2019,50.5,B
3607552320,4169666863,8/14/2019,10.5,B
4052155355,2949041841,8/14/2019,5.9,A
339489775,1064078146,8/14/2019,20.3,A
1476831880,1422476412,8/14/2019,100.1,A
1303723408,3218863961,8/14/2019,390.5,B
2682156369,1668030113,8/14/2019,20.8,B
1458356232,963407295,8/14/2019,80,A
1329499668,2949041841,8/14/2019,160.7,B
948555526,2710193528,8/14/2019,15.2,A
2116724386,2146711261,8/14/2019,240.6,B
2274188238,132143192,8/14/2019,15.5,A
1692103379,1022829655,8/14/2019,5.7,A
4082620617,393266494,8/14/2019,490.4,B
38478481,1197745035,8/14/2019,135.3,B
3592955527,608641596,8/14/2019,255.7,B
2662137336,3733762160,8/14/2019,100.8,B
2203539145,370388673,8/14/2019,50.1,A
1807773912,573423106,8/14/2019,165.3,A
1947021204,1614305549,8/14/2019,5.5,A
3936777065,2108080724,8/15/2019,3120.1,B
